<?xml version="1.0" encoding="UTF-8" standalone="no"?>
<Canvas xmlns="http://www.jgrasp.org">
  <Language>Java</Language>
  <ShowTypes>false</ShowTypes>
  <Version>2</Version>
  <Grid>
    <Snap>true</Snap>
    <Show>false</Show>
  </Grid>
  <Scope id="0">
    <Name>main</Name>
    <Signature>([Ljava/lang/String;)V</Signature>
    <DeclaringType>BigNumberExample</DeclaringType>
    <Depth>0</Depth>
  </Scope>
  <Frame>
    <Bounds>
      <AutoSize>false</AutoSize>
      <X>30</X>
      <Y>160</Y>
      <W>1138</W>
      <H>49</H>
    </Bounds>
    <PanelSize>
      <Key>java__lang__Object_FormattedToStringView0</Key>
      <Order>4</Order>
      <W>1144</W>
      <H>84</H>
    </PanelSize>
    <Viewer>
      <ScopeID>0</ScopeID>
      <Expression>`local java.math.BigInteger` k</Expression>
      <ViewerClass>java__lang__Object_FormattedToStringView</ViewerClass>
    </Viewer>
  </Frame>
  <Frame>
    <Bounds>
      <AutoSize>true</AutoSize>
      <X>30</X>
      <Y>60</Y>
      <W>90</W>
      <H>46</H>
    </Bounds>
    <Viewer>
      <ScopeID>0</ScopeID>
      <Expression>`local java.math.BigInteger` i</Expression>
      <ViewerClass>java__lang__Object_FormattedToStringView</ViewerClass>
    </Viewer>
  </Frame>
  <Frame>
    <Bounds>
      <AutoSize>true</AutoSize>
      <X>130</X>
      <Y>60</Y>
      <W>90</W>
      <H>46</H>
    </Bounds>
    <Viewer>
      <ScopeID>0</ScopeID>
      <Expression>`local java.lang.Integer` j</Expression>
      <ViewerClass>java__lang__Object_FormattedToStringView</ViewerClass>
    </Viewer>
  </Frame>
  <Size>
    <W>1258</W>
    <H>450</H>
  </Size>
  <ESize>
    <W>1258</W>
    <H>450</H>
  </ESize>
</Canvas>
