<?xml version="1.0" encoding="UTF-8" standalone="no"?>
<Canvas xmlns="http://www.jgrasp.org">
  <Language>Java</Language>
  <Size>
    <W>1048</W>
    <H>370</H>
  </Size>
  <Grid>
    <Snap>true</Snap>
    <Show>false</Show>
  </Grid>
  <Scope id="0">
    <Name>main</Name>
    <Signature>([Ljava/lang/String;)V</Signature>
    <DeclaringType>NumberBinarySearch</DeclaringType>
    <Depth>0</Depth>
  </Scope>
  <Frame>
    <Bounds>
      <AutoSize>false</AutoSize>
      <X>140</X>
      <Y>60</Y>
      <W>840</W>
      <H>217</H>
    </Bounds>
    <Viewer>
      <ScopeID>0</ScopeID>
      <Expression>nums</Expression>
      <ViewerClass>java__lang__Object_LinkedView</ViewerClass>
    </Viewer>
  </Frame>
  <Frame>
    <Bounds>
      <AutoSize>true</AutoSize>
      <X>330</X>
      <Y>310</Y>
      <W>76</W>
      <H>33</H>
    </Bounds>
    <Viewer>
      <ScopeID>0</ScopeID>
      <Expression>mid</Expression>
      <ViewerClass>_X_PresentationToStringView</ViewerClass>
    </Viewer>
  </Frame>
  <Frame>
    <Bounds>
      <AutoSize>true</AutoSize>
      <X>120</X>
      <Y>310</Y>
      <W>76</W>
      <H>33</H>
    </Bounds>
    <Viewer>
      <ScopeID>0</ScopeID>
      <Expression>min</Expression>
      <ViewerClass>_X_PresentationToStringView</ViewerClass>
    </Viewer>
  </Frame>
  <Frame>
    <Bounds>
      <AutoSize>true</AutoSize>
      <X>530</X>
      <Y>310</Y>
      <W>76</W>
      <H>33</H>
    </Bounds>
    <Viewer>
      <ScopeID>0</ScopeID>
      <Expression>max</Expression>
      <ViewerClass>_X_PresentationToStringView</ViewerClass>
    </Viewer>
  </Frame>
</Canvas>
