<?xml version="1.0" encoding="UTF-8" standalone="no"?>
<Canvas xmlns="http://www.jgrasp.org">
  <Language>Java</Language>
  <ShowTypes>false</ShowTypes>
  <Version>2</Version>
  <Grid>
    <Snap>true</Snap>
    <Show>false</Show>
  </Grid>
  <Scope id="1">
    <Name>main</Name>
    <Signature>([Ljava/lang/String;)V</Signature>
    <DeclaringType>NumberSelectionSortExample</DeclaringType>
    <Depth>0</Depth>
  </Scope>
  <Scope id="0">
    <Name>selectionSort</Name>
    <Signature>([Ljava/lang/Comparable;)V</Signature>
    <DeclaringType>Sorting</DeclaringType>
    <Depth>1</Depth>
  </Scope>
  <Scope id="2">
    <Name>selectionSort</Name>
    <Signature>([Ljava/lang/Double;)V</Signature>
    <DeclaringType>NumberSelectionSortExample</DeclaringType>
    <Depth>1</Depth>
  </Scope>
  <Frame>
    <Bounds>
      <AutoSize>true</AutoSize>
      <X>170</X>
      <Y>490</Y>
      <W>90</W>
      <H>52</H>
    </Bounds>
    <LabelLoc>
      <WO>false</WO>
    </LabelLoc>
    <Viewer>
      <ScopeID>0</ScopeID>
      <Expression>`local int` min</Expression>
      <ViewerClass>_X_ElementView</ViewerClass>
    </Viewer>
    <ScopeTest>None</ScopeTest>
  </Frame>
  <Frame>
    <Bounds>
      <AutoSize>true</AutoSize>
      <X>60</X>
      <Y>490</Y>
      <W>90</W>
      <H>52</H>
    </Bounds>
    <LabelLoc>
      <WO>false</WO>
    </LabelLoc>
    <Viewer>
      <ScopeID>0</ScopeID>
      <Expression>`local int` index</Expression>
      <ViewerClass>_X_ElementView</ViewerClass>
    </Viewer>
    <ScopeTest>None</ScopeTest>
  </Frame>
  <Frame>
    <Bounds>
      <AutoSize>false</AutoSize>
      <X>10</X>
      <Y>50</Y>
      <W>688</W>
      <H>167</H>
    </Bounds>
    <PanelSize>
      <Key>java__lang__Object_BarGraphView0</Key>
      <Order>4</Order>
      <W>694</W>
      <H>202</H>
    </PanelSize>
    <Viewer>
      <ScopeID>1</ScopeID>
      <Expression>`local java.lang.Double[]` ia</Expression>
      <ViewerClass>java__lang__Object_BarGraphView</ViewerClass>
    </Viewer>
  </Frame>
  <Frame>
    <Bounds>
      <AutoSize>true</AutoSize>
      <X>300</X>
      <Y>490</Y>
      <W>214</W>
      <H>55</H>
    </Bounds>
    <Viewer>
      <ScopeID>2</ScopeID>
      <Expression>`local java.lang.Double` temp</Expression>
      <ViewerClass>_X_PresentationToStringView</ViewerClass>
    </Viewer>
  </Frame>
  <Frame>
    <Bounds>
      <AutoSize>false</AutoSize>
      <X>60</X>
      <Y>250</Y>
      <W>928</W>
      <H>187</H>
    </Bounds>
    <PanelSize>
      <Key>java__lang__Object_LinkedView0</Key>
      <Order>4</Order>
      <W>934</W>
      <H>222</H>
    </PanelSize>
    <Viewer>
      <ScopeID>1</ScopeID>
      <Expression>`local java.lang.Double[]` ia</Expression>
      <Indices>min#index#scan</Indices>
      <ViewerClass>java__lang__Object_LinkedView</ViewerClass>
      <ViewerData>
        <StructureData>
          <Type>Array</Type>
          <SzExp>_struct_.length</SzExp>
          <ElementExp>_struct_[_index_]</ElementExp>
        </StructureData>
        <ViewData>
          <Scale>31</Scale>
          <Width>57</Width>
        </ViewData>
      </ViewerData>
    </Viewer>
  </Frame>
  <Size>
    <W>718</W>
    <H>720</H>
  </Size>
  <ESize>
    <W>718</W>
    <H>720</H>
  </ESize>
</Canvas>
