<?xml version="1.0" encoding="UTF-8" standalone="no"?>
<Canvas xmlns="http://www.jgrasp.org">
  <Language>Java</Language>
  <ShowTypes>false</ShowTypes>
  <Version>2</Version>
  <Grid>
    <Snap>true</Snap>
    <Show>false</Show>
  </Grid>
  <Scope id="0">
    <Name>main</Name>
    <Signature>([Ljava/lang/String;)V</Signature>
    <DeclaringType>NumberSelectionSort2</DeclaringType>
    <Depth>0</Depth>
  </Scope>
  <Frame>
    <Bounds>
      <AutoSize>false</AutoSize>
      <X>30</X>
      <Y>390</Y>
      <W>956</W>
      <H>144</H>
    </Bounds>
    <PanelSize>
      <Key>java__lang__Object_LinkedView0</Key>
      <Order>4</Order>
      <W>962</W>
      <H>176</H>
    </PanelSize>
    <Viewer>
      <ScopeID>0</ScopeID>
      <Expression>ia</Expression>
      <Indices>i#scan#min#index</Indices>
      <ViewerClass>java__lang__Object_LinkedView</ViewerClass>
      <ViewerData>
        <StructureData>
          <Type>Array</Type>
          <SzExp>_struct_.length</SzExp>
          <ElementExp>_struct_[_index_]</ElementExp>
        </StructureData>
        <ViewData>
          <Scale>31</Scale>
          <Width>45</Width>
          <Embedded>true</Embedded>
        </ViewData>
      </ViewerData>
    </Viewer>
  </Frame>
  <Frame>
    <Bounds>
      <AutoSize>false</AutoSize>
      <X>40</X>
      <Y>50</Y>
      <W>926</W>
      <H>297</H>
    </Bounds>
    <PanelSize>
      <Key>java__lang__Object_BarGraphView0</Key>
      <Order>4</Order>
      <W>932</W>
      <H>329</H>
    </PanelSize>
    <Viewer>
      <ScopeID>0</ScopeID>
      <Expression>ia</Expression>
      <ViewerClass>java__lang__Object_BarGraphView</ViewerClass>
    </Viewer>
  </Frame>
  <Size>
    <W>986</W>
    <H>785</H>
  </Size>
  <ESize>
    <W>986</W>
    <H>785</H>
  </ESize>
</Canvas>
