<?xml version="1.0" encoding="UTF-8" standalone="no"?>
<Canvas xmlns="http://www.jgrasp.org">
  <Language>Java</Language>
  <Size>
    <W>620</W>
    <H>491</H>
  </Size>
  <Grid>
    <Snap>true</Snap>
    <Show>false</Show>
  </Grid>
  <Scope id="0">
    <Name>selectionSort</Name>
    <Signature>([Ljava/lang/Comparable;)V</Signature>
    <DeclaringType>Sorting</DeclaringType>
    <Depth>1</Depth>
  </Scope>
  <Frame>
    <Bounds>
      <AutoSize>true</AutoSize>
      <X>490</X>
      <Y>310</Y>
      <W>108</W>
      <H>41</H>
    </Bounds>
    <Viewer>
      <ScopeID>0</ScopeID>
      <Expression>scan</Expression>
      <ViewerClass>_X_PresentationToStringView</ViewerClass>
    </Viewer>
  </Frame>
  <Frame>
    <Bounds>
      <AutoSize>true</AutoSize>
      <X>300</X>
      <Y>310</Y>
      <W>108</W>
      <H>41</H>
    </Bounds>
    <Viewer>
      <ScopeID>0</ScopeID>
      <Expression>min</Expression>
      <ViewerClass>_X_PresentationToStringView</ViewerClass>
    </Viewer>
  </Frame>
  <Frame>
    <Bounds>
      <AutoSize>true</AutoSize>
      <X>110</X>
      <Y>390</Y>
      <W>108</W>
      <H>41</H>
    </Bounds>
    <Viewer>
      <ScopeID>0</ScopeID>
      <Expression>temp</Expression>
      <ViewerClass>_X_PresentationToStringView</ViewerClass>
    </Viewer>
  </Frame>
  <Frame>
    <Bounds>
      <AutoSize>false</AutoSize>
      <X>220</X>
      <Y>50</Y>
      <W>378</W>
      <H>220</H>
    </Bounds>
    <Viewer>
      <ScopeID>0</ScopeID>
      <Expression>list</Expression>
      <ViewerClass>java__lang__Object_LinkedView</ViewerClass>
      <ViewerData>
        <StructureData>
          <Type>Array</Type>
          <SzExp>_struct_.length</SzExp>
          <ElementExp>_struct_[_index_]</ElementExp>
          <IndexExp>scan</IndexExp>
        </StructureData>
      </ViewerData>
    </Viewer>
  </Frame>
  <Frame>
    <Bounds>
      <AutoSize>true</AutoSize>
      <X>110</X>
      <Y>310</Y>
      <W>108</W>
      <H>41</H>
    </Bounds>
    <Viewer>
      <ScopeID>0</ScopeID>
      <Expression>index</Expression>
      <ViewerClass>_X_PresentationToStringView</ViewerClass>
    </Viewer>
  </Frame>
</Canvas>
