<?xml version="1.0" encoding="UTF-8" standalone="no"?>
<Canvas xmlns="http://www.jgrasp.org">
  <Language>Java</Language>
  <ShowTypes>true</ShowTypes>
  <Version>2</Version>
  <Grid>
    <Snap>true</Snap>
    <Show>false</Show>
  </Grid>
  <Scope id="1">
    <Name>main</Name>
    <Signature>([Ljava/lang/String;)V</Signature>
    <DeclaringType>StoreInventory</DeclaringType>
    <Depth>0</Depth>
  </Scope>
  <Scope id="0">
    <Name>&lt;init&gt;</Name>
    <Signature>(Ljava/lang/String;D)V</Signature>
    <DeclaringType>Product</DeclaringType>
    <Depth>2</Depth>
  </Scope>
  <Frame>
    <Bounds>
      <AutoSize>true</AutoSize>
      <X>300</X>
      <Y>60</Y>
      <W>288</W>
      <H>137</H>
    </Bounds>
    <Viewer>
      <ScopeID>0</ScopeID>
      <Expression>this</Expression>
      <ViewerClass>_X_ElementView</ViewerClass>
    </Viewer>
    <ScopeTest>None</ScopeTest>
  </Frame>
  <Frame>
    <Bounds>
      <AutoSize>true</AutoSize>
      <X>40</X>
      <Y>60</Y>
      <W>181</W>
      <H>78</H>
    </Bounds>
    <Viewer>
      <ScopeID>1</ScopeID>
      <Expression>`local Product` p1</Expression>
      <ViewerClass>_X_ElementView</ViewerClass>
    </Viewer>
  </Frame>
  <Frame>
    <Bounds>
      <AutoSize>true</AutoSize>
      <X>40</X>
      <Y>350</Y>
      <W>269</W>
      <H>106</H>
    </Bounds>
    <Viewer>
      <ScopeID>1</ScopeID>
      <Expression>`local FoodProduct` p3</Expression>
      <ViewerClass>_X_ElementView</ViewerClass>
    </Viewer>
  </Frame>
  <Frame>
    <Bounds>
      <AutoSize>true</AutoSize>
      <X>40</X>
      <Y>190</Y>
      <W>179</W>
      <H>106</H>
    </Bounds>
    <Viewer>
      <ScopeID>1</ScopeID>
      <Expression>`local ClothingProduct` p2</Expression>
      <ViewerClass>_X_ElementView</ViewerClass>
    </Viewer>
  </Frame>
  <Size>
    <W>641</W>
    <H>651</H>
  </Size>
  <ESize>
    <W>641</W>
    <H>651</H>
  </ESize>
</Canvas>
