<?xml version="1.0" encoding="UTF-8" standalone="no"?>
<Canvas xmlns="http://www.jgrasp.org">
  <Language>Java</Language>
  <ShowTypes>false</ShowTypes>
  <Version>2</Version>
  <Grid>
    <Snap>true</Snap>
    <Show>false</Show>
  </Grid>
  <Scope id="0">
    <Name>main</Name>
    <Signature>([Ljava/lang/String;)V</Signature>
    <DeclaringType>StringExample1</DeclaringType>
    <Depth>0</Depth>
  </Scope>
  <Frame>
    <Bounds>
      <AutoSize>true</AutoSize>
      <X>20</X>
      <Y>290</Y>
      <W>129</W>
      <H>46</H>
    </Bounds>
    <Viewer>
      <ScopeID>0</ScopeID>
      <Expression>`local java.lang.String` titleChg2</Expression>
      <ViewerClass>java__lang__String_FormattedView</ViewerClass>
    </Viewer>
  </Frame>
  <Frame>
    <Bounds>
      <AutoSize>true</AutoSize>
      <X>20</X>
      <Y>360</Y>
      <W>137</W>
      <H>46</H>
    </Bounds>
    <Viewer>
      <ScopeID>0</ScopeID>
      <Expression>`local java.lang.String` titleChg3</Expression>
      <ViewerClass>java__lang__String_FormattedView</ViewerClass>
    </Viewer>
  </Frame>
  <Frame>
    <Bounds>
      <AutoSize>true</AutoSize>
      <X>20</X>
      <Y>430</Y>
      <W>133</W>
      <H>46</H>
    </Bounds>
    <Viewer>
      <ScopeID>0</ScopeID>
      <Expression>`local java.lang.String` titleChg4</Expression>
      <ViewerClass>java__lang__String_FormattedView</ViewerClass>
    </Viewer>
  </Frame>
  <Frame>
    <Bounds>
      <AutoSize>true</AutoSize>
      <X>20</X>
      <Y>220</Y>
      <W>147</W>
      <H>46</H>
    </Bounds>
    <Viewer>
      <ScopeID>0</ScopeID>
      <Expression>`local java.lang.String` titleChg1</Expression>
      <ViewerClass>java__lang__String_FormattedView</ViewerClass>
    </Viewer>
  </Frame>
  <Frame>
    <Bounds>
      <AutoSize>true</AutoSize>
      <X>30</X>
      <Y>150</Y>
      <W>74</W>
      <H>50</H>
    </Bounds>
    <LabelLoc>
      <WO>false</WO>
    </LabelLoc>
    <Viewer>
      <ScopeID>0</ScopeID>
      <Expression>`local int` count</Expression>
      <ViewerClass>_X_ElementView</ViewerClass>
    </Viewer>
  </Frame>
  <Frame>
    <Bounds>
      <AutoSize>false</AutoSize>
      <X>10</X>
      <Y>50</Y>
      <W>758</W>
      <H>96</H>
    </Bounds>
    <PanelSize>
      <Key>java__lang__String_CharArrayView0</Key>
      <Order>4</Order>
      <W>764</W>
      <H>127</H>
    </PanelSize>
    <Viewer>
      <ScopeID>0</ScopeID>
      <Expression>`local java.lang.String` title</Expression>
      <ViewerClass>java__lang__String_CharArrayView</ViewerClass>
    </Viewer>
  </Frame>
  <Size>
    <W>802</W>
    <H>610</H>
  </Size>
  <ESize>
    <W>802</W>
    <H>610</H>
  </ESize>
</Canvas>
